0,0.0967108
0,0.051081
0,0.103704
0,0.0405145
0,0.129938
0,0.0342074
0,0.0701238
0,0.06191
0,0.0184712
0,-0.0406492
0,0.0174525
0,0.0623133
0,0.025351
0,0.0228773
0,-0.0231871
0,0.0649906
0,0.0368355
0,-0.0664551
0,-0.000117438
0,-0.021487
0,-0.0202872
0,-0.0446621
0,0.0190881
0,-0.0546658
0,0.252916
0,0.197693
0,0.110953
0,0.132865
0,0.136065
0,0.148773
0,0.175998
0,0.152143
0,-0.0843424
0,-0.0293547
0,0.0681533
0,-0.0796367
0,-0.0188784
0,0.130677
0,0.012023
0,0.0027426
0,0.216791
0,0.216791
0,0.216791
0,0.216791
0,0.125727
0,0.216791
0,0.216791
0,0.216791
0,0.0132782
0,-0.0186043
0,0.021856
0,0.00779913
0,-0.0169689
0,-0.0111506
0,-0.0273083
0,-0.0523286
0,-0.14487
0,-0.0864783
0,-0.122084
0,-0.113314
0,-0.133703
0,-0.16061
0,-0.11346
0,-0.147512
0,0.216258
0,0.192577
0,0.216258
0,0.18445
0,0.210955
0,0.145303
0,0.195202
0,0.216258
0,-0.027464
0,-0.00519658
0,-0.0497816
0,-0.027899
0,-0.0497816
0,-0.0212249
0,-0.0625969
0,-0.0497816
0,0.027939
0,0.0887049
0,0.0834115
0,0.0246061
0,0.102418
0,0.0574136
0,0.037609
0,0.0800581
0,0.0408908
0,0.0408908
0,0.0408908
0,0.0408908
0,0.0408908
0,0.0408908
0,0.0765506
0,0.117707
0,0.0237433
0,-0.011449
0,-0.011449
1,0.712225
1,0.793439
1,0.704669
1,0.892004
1,0.790635
1,0.744392
1,0.850745
0,0.0708752
0,0.0646547
0,0.0252444
0,0.0334779
0,0.0134963
0,0.028954
0,-0.021593
0,0.0489269
0,-0.0435885
0,-0.0634258
0,-0.0771869
0,-0.0275715
0,0.00713018
0,-0.0496637
0,0.0248641
0,-0.0194141
0,-0.0706733
0,-0.104628
0,-0.0994477
0,-0.173669
0,-0.0769204
0,-0.133349
0,-0.086063
0,-0.0627015
0,-0.040793
0,-0.046525
0,0.0709478
0,0.074322
0,0.00593165
0,0.0188091
0,-0.061344
0,-0.0256868
0,0.0713207
0,0.0713207
0,0.0713207
0,0.0713207
0,0.0126437
0,0.0713207
0,0.0713207
0,0.0713207
0,-0.079476
0,-0.054532
0,0.0331414
0,-0.0731503
0,-0.024213
0,-0.0906564
0,-0.0773416
0,-0.0332332
0,-0.148277
0,-0.160723
0,-0.200727
0,-0.189746
0,-0.154893
0,-0.173654
0,-0.0539823
0,-0.163171
0,0.0900934
0,0.0328171
0,0.0900934
0,0.0618136
0,0.0528073
0,0.123264
0,0.13994
0,0.0900934
0,0.0634409
0,0.0218908
0,0.00802902
0,0.0548491
0,0.00802902
0,0.00340288
0,-0.000592641
0,0.00802902
0,-0.0750176
0,-0.0301637
0,-0.00833695
0,-0.0436113
0,-0.0184511
0,-0.0260442
0,-0.0734591
0,-0.0489625
0,-0.0424253
0,-0.0424253
0,-0.0424253
0,-0.0424253
0,-0.0424253
0,-0.0424253
0,-0.0827824
0,-0.0582296
0,-0.0306413
0,-0.154585
0,-0.154585
1,0.675409
1,0.553921
1,0.70771
1,0.636359
1,0.625645
1,0.709732
0,0.0357189
0,0.0533303
0,-0.0312041
0,-0.00216428
0,-0.0182883
0,0.039775
0,-0.0626543
0,0.00378463
0,-0.00933278
0,-0.00847802
0,0.0177767
0,0.0111996
0,0.073564
0,0.0285142
0,0.0947127
0,0.0374626
0,-0.044198
0,-0.0484582
0,-0.0713939
0,-0.0852992
0,-0.0300649
0,-0.0473581
0,-0.0642997
0,-0.0434054
0,-0.180047
0,-0.135175
0,-0.0952762
0,-0.0936497
0,-0.162779
0,-0.123896
0,-0.149255
0,-0.115963
0,0.0795897
0,0.0795897
0,0.0795897
0,0.0795897
0,0.0327712
0,0.0795897
0,0.0795897
0,0.0795897
0,-0.0365196
0,-0.0193626
0,0.0688764
0,-0.0361271
0,-0.019642
0,-0.0313162
0,-0.02795
0,-0.00936411
0,-0.142745
0,-0.149902
0,-0.196065
0,-0.165348
0,-0.166081
0,-0.12786
0,-0.0649079
0,-0.108359
0,0.0836567
0,0.045691
0,0.0836567
0,0.0676912
0,0.0990456
0,0.0890445
0,0.111104
0,0.0836567
0,0.103655
0,0.0909636
0,0.0510408
0,0.0706886
0,0.0510408
0,0.0464472
0,0.0495488
0,0.0510408
0,-0.120076
0,-0.11571
0,-0.0951351
0,-0.0516718
0,-0.0710161
0,-0.113841
0,-0.1347
0,-0.113069
0,-0.0293283
0,-0.0293283
0,-0.0293283
0,-0.0293283
0,-0.0293283
0,-0.0293283
0,-0.0389224
0,-0.0318432
0,-0.00632969
0,-0.104211
0,-0.104211
1,0.671585
1,0.775769
1,0.694917
1,0.641338
1,0.766627
0,0.106407
0,0.0717398
0,0.0102761
0,0.0270371
0,0.0101213
0,0.021599
0,-0.0338152
0,0.0505723
0,-0.0187012
0,-0.0363439
0,-0.0853555
0,0.00695228
0,0.0336495
0,-0.0531685
0,0.0250362
0,-0.0227884
0,0.0250575
0,-0.0133901
0,0.000792775
0,-0.0442255
0,0.00953898
0,-0.0102438
0,0.00695013
0,0.0317216
0,-0.033937
0,-0.0415752
0,0.0840369
0,0.0663132
0,0.00483825
0,0.0960542
0,-0.0297287
0,-0.00480304
0,0.0468914
0,0.0468914
0,0.0468914
0,0.0468914
0,0.0203901
0,0.0468914
0,0.0468914
0,0.0468914
0,-0.0731179
0,-0.0569241
0,0.0317674
0,-0.0752459
0,-0.0465433
0,-0.0685661
0,-0.0637289
0,-0.0517062
0,-0.128593
0,-0.151314
0,-0.175493
0,-0.197567
0,-0.1565
0,-0.171305
0,-0.0199817
0,-0.149564
0,0.0465659
0,-0.0209357
0,0.0465659
0,0.0342711
0,0.0536166
0,0.0688545
0,0.0898616
0,0.0465659
0,0.0249374
0,0.0396285
0,-0.00322798
0,0.0210454
0,-0.00322798
0,-0.00704926
0,-0.0100658
0,-0.00322798
0,-0.00559487
0,-0.00459159
0,0.00911309
0,-0.00195324
0,0.0170209
0,-0.00260349
0,-0.0313212
0,-0.0135898
0,-0.0299392
0,-0.0299392
0,-0.0299392
0,-0.0299392
0,-0.0299392
0,-0.0299392
0,-0.116401
0,-0.0419426
0,-0.00383922
0,-0.0836916
0,-0.0836916
1,0.697691
1,0.641877
1,0.700288
1,0.708176
0,0.0487157
0,0.0471821
0,0.03175
0,0.0350471
0,0.00989175
0,0.051373
0,-0.0147441
0,0.0107353
0,-0.0128908
0,-0.0084165
0,-0.0265213
0,-0.00386684
0,-0.011118
0,-0.0249235
0,0.0106092
0,0.016752
0,-0.065593
0,-0.122863
0,-0.118765
0,-0.176632
0,-0.0890701
0,-0.107773
0,-0.120712
0,-0.10492
0,0.0415461
0,0.00271581
0,0.0721667
0,0.0997833
0,0.0286756
0,0.0789795
0,-0.0348968
0,0.00724264
0,-0.00306675
0,-0.00306675
0,-0.00306675
0,-0.00306675
0,0.0207998
0,-0.00306675
0,-0.00306675
0,-0.00306675
0,-0.108851
0,-0.0671933
0,-0.058545
0,-0.119889
0,-0.0700633
0,-0.0992841
0,-0.131379
0,-0.0790152
0,-0.0349467
0,-0.075876
0,-0.0718856
0,-0.061068
0,-0.0422934
0,-0.0317302
0,0.0464388
0,-0.0185983
0,0.0158322
0,0.0461836
0,0.0158322
0,0.0760648
0,0.0627551
0,0.0777891
0,0.144901
0,0.0158322
0,0.0747172
0,0.047008
0,0.0392535
0,0.0535262
0,0.0392535
0,0.00722861
0,0.0352446
0,0.0392535
0,-0.029936
0,-0.0347935
0,-0.0186133
0,-0.020294
0,-0.0205089
0,-0.0616769
0,-0.0913864
0,-0.103596
0,0.0393895
0,0.0393895
0,0.0393895
0,0.0393895
0,0.0393895
0,0.0393895
0,-0.119728
0,-0.0434312
0,0.00755285
0,-0.035709
0,-0.035709
1,0.785291
1,0.780569
1,0.818219
0,0.101217
0,0.101424
0,0.0420795
0,0.0321244
0,0.0313849
0,0.0592136
0,-0.00010917
0,0.0556849
0,-0.0627633
0,-0.108101
0,-0.085958
0,-0.0491785
0,-0.0143398
0,-0.0881642
0,0.000584266
0,-0.0558138
0,-0.0835537
0,-0.124107
0,-0.10718
0,-0.178696
0,-0.0859018
0,-0.126514
0,-0.0989123
0,-0.0708462
0,-0.0313958
0,-0.0555785
0,0.0387774
0,0.045811
0,-0.0360904
0,0.0249041
0,-0.0749912
0,-0.0492971
0,0.0211353
0,0.0211353
0,0.0211353
0,0.0211353
0,-0.0148297
0,0.0211353
0,0.0211353
0,0.0211353
0,-0.0895704
0,-0.0686847
0,0.0461111
0,-0.105856
0,-0.0651759
0,-0.0993628
0,-0.074241
0,-0.046437
0,-0.176413
0,-0.190971
0,-0.203845
0,-0.203872
0,-0.18081
0,-0.186421
0,-0.0898674
0,-0.196207
0,0.110617
0,0.0679027
0,0.110617
0,0.0989703
0,0.0674418
0,0.13512
0,0.156954
0,0.110617
0,0.0453861
0,-0.0108438
0,-0.00257766
0,0.0420485
0,-0.00257766
0,-0.01064
0,-0.0134877
0,-0.00257766
0,-0.0183892
0,0.0325865
0,0.0434087
0,-0.0175269
0,0.0176489
0,0.0213488
0,-0.0277705
0,-0.0165056
0,-0.03155
0,-0.03155
0,-0.03155
0,-0.03155
0,-0.03155
0,-0.03155
0,-0.0626057
0,-0.00185511
0,-0.0202869
0,-0.109198
0,-0.109198
1,0.680529
1,0.797039
0,0.0807161
0,0.0583058
0,0.0252107
0,0.00850876
0,-0.0165628
0,0.0666205
0,-0.0226948
0,0.0348358
0,-0.103512
0,-0.115103
0,-0.131712
0,-0.0430948
0,-0.0224791
0,-0.107841
0,-0.0412548
0,-0.0766296
0,-0.11174
0,-0.133517
0,-0.162582
0,-0.214453
0,-0.0862791
0,-0.169556
0,-0.125493
0,-0.104893
0,0.0350033
0,-0.00953358
0,0.0840583
0,0.087745
0,0.0383184
0,0.0743653
0,0.0512963
0,0.0376371
0,-0.0166216
0,-0.0166216
0,-0.0166216
0,-0.0166216
0,-0.0518138
0,-0.0166216
0,-0.0166216
0,-0.0166216
0,-0.136137
0,-0.107591
0,-0.0275434
0,-0.120599
0,-0.0996147
0,-0.124581
0,-0.114614
0,-0.124451
0,-0.0727941
0,-0.129093
0,-0.126553
0,-0.122648
0,-0.0843777
0,-0.11215
0,0.0104991
0,-0.0832248
0,0.0732792
0,0.0831093
0,0.0732792
0,0.0969508
0,0.0925051
0,0.146783
0,0.150781
0,0.0732792
0,0.103003
0,0.0967311
0,0.0491505
0,0.0986846
0,0.0491505
0,0.0455127
0,0.0510018
0,0.0491505
0,0.00688091
0,-0.0475773
0,0.00353989
0,-0.0323456
0,-0.0193612
0,-0.039334
0,-0.0918136
0,-0.0471601
0,-0.013011
0,-0.013011
0,-0.013011
0,-0.013011
0,-0.013011
0,-0.013011
0,-0.0283501
0,-0.0281836
0,0.0579206
0,-0.0802696
0,-0.0802696
1,0.768178
0,0.100489
0,0.0917398
0,0.0652902
0,0.0778538
0,0.0566734
0,0.0227808
0,0.0181124
0,0.0794012
0,-0.0101833
0,-0.00820842
0,-0.0508492
0,0.00182505
0,0.0224801
0,0.0246646
0,0.0285527
0,0.0320213
0,-0.0767034
0,-0.0967128
0,-0.0892117
0,-0.174163
0,-0.0419943
0,-0.116973
0,-0.0821241
0,-0.0378254
0,0.00439451
0,-0.00913526
0,0.0632334
0,0.0948673
0,-0.0293462
0,0.0687893
0,-0.0491145
0,-0.00461926
0,0.052398
0,0.052398
0,0.052398
0,0.052398
0,0.0286687
0,0.052398
0,0.052398
0,0.052398
0,-0.133968
0,-0.0762672
0,-0.0402995
0,-0.0948885
0,-0.0979267
0,-0.108435
0,-0.0586591
0,-0.0439276
0,-0.0870231
0,-0.13957
0,-0.180423
0,-0.168726
0,-0.137123
0,-0.137566
0,0.005216
0,-0.12263
0,0.120027
0,0.0653017
0,0.120027
0,0.0831029
0,0.0792497
0,0.0901368
0,0.0969012
0,0.120027
0,0.000812631
0,-0.0276877
0,-0.0396315
0,-0.0292829
0,-0.0396315
0,-0.0646174
0,-0.0542264
0,-0.0396315
0,-0.11487
0,-0.0604794
0,-0.0828809
0,-0.0881177
0,-0.0242746
0,-0.0674853
0,-0.132116
0,-0.137197
0,0.0374672
0,0.0374672
0,0.0374672
0,0.0374672
0,0.0374672
0,0.0374672
0,-0.0433562
0,-0.00872816
0,-0.000130273
0,-0.0942094
0,-0.0942094
0,-0.00903343
0,-0.0212349
0,-0.0368659
0,-0.0557081
0,-0.0581744
0,-0.0619019
0,-0.10513
0,-0.0199947
0,-0.00555628
0,0.0092436
0,-0.0372666
0,0.0142929
0,0.0395348
0,0.00835357
0,0.0409703
0,0.0381598
0,-0.0227757
0,-0.0432186
0,-0.0757445
0,-0.135243
0,-0.0366182
0,-0.0788933
0,-0.073047
0,-0.0257429
0,-0.0379938
0,-0.0677608
0,0.0699807
0,0.0725566
0,-0.0245681
0,0.0240639
0,-0.0653575
0,-0.0436928
0,-0.00770385
0,-0.00770385
0,-0.00770385
0,-0.00770385
0,-0.0455479
0,-0.00770385
0,-0.00770385
0,-0.00770385
0,-0.110989
0,-0.0650029
0,-0.00232726
0,-0.0686761
0,-0.0700081
0,-0.0986233
0,-0.0862747
0,-0.0385124
0,-0.10883
0,-0.146184
0,-0.175623
0,-0.143562
0,-0.179179
0,-0.143614
0,-0.0433156
0,-0.120472
0,0.111999
0,0.0757804
0,0.111999
0,0.0964541
0,0.076045
0,0.13899
0,0.161796
0,0.111999
0,0.0373569
0,0.0415365
0,0.0175086
0,0.04099
0,0.0175086
0,0.0147177
0,0.00281501
0,0.0175086
0,-0.0675191
0,-0.0752659
0,-0.0431455
0,-0.0357379
0,-0.0360993
0,-0.0354867
0,-0.104088
0,-0.0740637
0,-0.0264832
0,-0.0264832
0,-0.0264832
0,-0.0264832
0,-0.0264832
0,-0.0264832
0,-0.10819
0,-0.0880284
0,-0.00081959
0,-0.125038
0,-0.125038
1,0.613923
1,0.688218
1,0.620845
1,0.699971
1,0.682542
1,0.655921
1,0.67281
0,0.0599512
0,-0.127387
0,-0.02098
0,-0.0694639
0,-0.032305
0,-0.0580217
0,0.00490922
0,-0.0324866
0,-0.0198184
0,-0.0310953
0,-0.0829806
0,-0.0596641
0,-0.00706563
0,-0.0458249
0,-0.0714683
0,-0.0587444
0,0.189485
0,0.0980699
0,0.119035
0,0.0796771
0,0.190119
0,0.16354
0,0.148298
0,0.162338
0,0.058467
0,0.058467
0,0.058467
0,0.058467
0,0.0103715
0,0.058467
0,0.058467
0,0.058467
0,-0.052919
0,-0.0567499
0,-0.00963816
0,-0.0898431
0,-0.0441192
0,-0.0611191
0,-0.144679
0,-0.057281
0,0.0752276
0,-0.0155432
0,-0.0204665
0,0.0198777
0,0.0341384
0,0.0313307
0,-0.000332075
0,0.00841574
0,0.159694
0,0.102945
0,0.159694
0,0.0986425
0,0.106935
0,0.0401163
0,0.149399
0,0.159694
0,0.0281255
0,-0.0629601
0,0.0549322
0,0.040675
0,0.0549322
0,-0.0161799
0,0.0594054
0,0.0549322
0,0.0552356
0,0.0957507
0,0.036377
0,0.0893535
0,0.0829097
0,0.00378576
0,0.00793988
0,0.00411558
0,-0.0489083
0,-0.0489083
0,-0.0489083
0,-0.0489083
0,-0.0489083
0,-0.0489083
0,0.000436174
0,0.00929882
0,0.0355947
0,0.0492026
0,0.0492026
1,0.733719
1,0.770576
1,0.728553
1,0.6991
1,0.720886
1,0.761884
0,0.0680829
0,-0.0918022
0,0.0350313
0,-0.00880933
0,0.0507924
0,-0.0334131
0,0.0551463
0,0.0026154
0,-0.0417998
0,-0.0619808
0,-0.0258815
0,-0.0023941
0,-0.0239368
0,-0.0248861
0,-0.0171065
0,-0.00572897
0,-0.00326275
0,-0.0208744
0,-0.0809169
0,0.00491347
0,0.00645054
0,-0.0803655
0,0.00520452
0,0.0318073
0,0.0950437
0,0.0950437
0,0.0950437
0,0.0950437
0,0.0654018
0,0.0950437
0,0.0950437
0,0.0950437
0,-0.0237314
0,-0.0429664
0,0.030413
0,-0.0760671
0,-0.00329203
0,-0.0197485
0,-0.00842938
0,-0.0302052
0,0.0580579
0,0.0160045
0,-0.00443376
0,0.0151756
0,0.0535915
0,0.0130674
0,0.0957226
0,0.00404032
0,-0.0143335
0,0.00754041
0,-0.0143335
0,0.0135029
0,0.0142517
0,-0.0086509
0,0.0129447
0,-0.0143335
0,0.0466424
0,-0.0174729
0,0.066696
0,0.0755009
0,0.066696
0,0.0186171
0,0.0696661
0,0.066696
0,0.0816141
0,0.077403
0,0.0351194
0,0.0636482
0,0.150795
0,0.0185564
0,0.0882334
0,0.083449
0,-0.0350295
0,-0.0350295
0,-0.0350295
0,-0.0350295
0,-0.0350295
0,-0.0350295
0,-0.0079585
0,0.029333
0,-0.0128952
0,0.0162826
0,0.0162826
1,0.813624
1,0.771133
1,0.758105
1,0.818986
1,0.785262
0,0.102249
0,-0.0748395
0,-0.00270899
0,-0.0304592
0,0.0110746
0,-0.0497986
0,0.000412695
0,-0.0183144
0,0.0134128
0,-0.0547241
0,-0.0680771
0,-0.0144441
0,-0.0146569
0,0.0104836
0,-0.00880455
0,-0.00699246
0,0.149359
0,0.0773164
0,0.0100641
0,0.0126237
0,0.130985
0,0.0655928
0,0.126798
0,0.111567
0,0.110226
0,0.110226
0,0.110226
0,0.110226
0,0.0744564
0,0.110226
0,0.110226
0,0.110226
0,-0.0423214
0,-0.0654379
0,0.00974941
0,-0.110956
0,-0.0470539
0,-0.0701002
0,-0.121416
0,-0.0719965
0,0.029592
0,0.00134318
0,-0.0276723
0,0.013992
0,0.0544391
0,0.0303477
0,0.0398414
0,-0.0170566
0,0.102169
0,0.0473226
0,0.102169
0,0.0813281
0,0.0882613
0,0.0387343
0,0.0932599
0,0.102169
0,0.0263485
0,-0.0656798
0,0.000612848
0,0.0305599
0,0.000612848
0,-0.0410128
0,0.0073308
0,0.000612848
0,0.0879752
0,0.0629851
0,0.0391362
0,0.138549
0,0.169266
0,0.0127633
0,0.0550395
0,0.0668378
0,-0.0768262
0,-0.0768262
0,-0.0768262
0,-0.0768262
0,-0.0768262
0,-0.0768262
0,-0.0590531
0,-0.0240677
0,0.0246415
0,0.0701262
0,0.0701262
1,0.748826
1,0.737631
1,0.834225
1,0.822369
0,0.0638966
0,-0.116918
0,-0.0103773
0,-0.0515678
0,-0.00180467
0,-0.065238
0,0.00521122
0,-0.0179196
0,0.0138361
0,-0.0607937
0,-0.0501261
0,0.000420589
0,-0.00192937
0,-0.0330082
0,-0.0104869
0,-0.00305
0,0.0318877
0,0.0112504
0,-0.0560519
0,-0.0449605
0,0.0788559
0,-0.00845709
0,0.0252547
0,0.0586756
0,0.118902
0,0.118902
0,0.118902
0,0.118902
0,0.0453604
0,0.118902
0,0.118902
0,0.118902
0,-0.03116
0,-0.0757802
0,-0.0143899
0,-0.110309
0,-0.0189625
0,-0.0749877
0,-0.065081
0,-0.0748653
0,0.0706979
0,0.0679697
0,0.00462927
0,0.0407221
0,0.0879255
0,0.0369877
0,0.0683888
0,0.0292957
0,0.0664633
0,0.00540104
0,0.0664633
0,0.0596005
0,0.0641234
0,0.0210199
0,0.0537047
0,0.0664633
0,0.101772
0,-0.0263772
0,0.0280414
0,0.0674668
0,0.0280414
0,0.00168028
0,0.0237911
0,0.0280414
0,0.0952486
0,0.0682734
0,0.0403439
0,0.0854849
0,0.178511
0,0.034633
0,0.0798815
0,0.0714475
0,-0.00103672
0,-0.00103672
0,-0.00103672
0,-0.00103672
0,-0.00103672
0,-0.00103672
0,0.000758397
0,0.0360422
0,-0.000338538
0,0.0538224
0,0.0538224
1,0.722671
1,0.770359
1,0.805504
0,0.0756031
0,-0.0890914
0,-0.0258642
0,-0.0578036
0,-0.0243886
0,-0.0651469
0,0.00322498
0,-0.0252762
0,-0.0432049
0,-0.101403
0,-0.0892471
0,-0.0705179
0,-0.050858
0,-0.0364609
0,-0.0703472
0,-0.0709638
0,0.100131
0,0.0479139
0,-0.0185981
0,0.0135241
0,0.060413
0,0.00746149
0,0.0568808
0,0.065072
0,0.11292
0,0.11292
0,0.11292
0,0.11292
0,0.0673032
0,0.11292
0,0.11292
0,0.11292
0,-0.0344381
0,-0.0603409
0,0.0139768
0,-0.0422332
0,-0.0126385
0,0.00140052
0,-0.0446053
0,-0.0266382
0,0.0867463
0,0.0687671
0,0.00452591
0,0.0313722
0,0.0926344
0,0.0409598
0,0.0874529
0,0.0202312
0,0.0579724
0,-0.0114015
0,0.0579724
0,-0.00327002
0,-0.0107416
0,-0.0280534
0,0.0392007
0,0.0579724
0,0.0878695
0,-0.00347285
0,0.0477398
0,0.0701902
0,0.0477398
0,0.0245613
0,0.0465337
0,0.0477398
0,0.0357959
0,0.071465
0,0.0780554
0,0.105964
0,0.123831
0,0.0154766
0,0.101532
0,0.0639186
0,-0.00976863
0,-0.00976863
0,-0.00976863
0,-0.00976863
0,-0.00976863
0,-0.00976863
0,-0.030167
0,-0.0334243
0,-0.00618668
0,0.0366812
0,0.0366812
1,0.765078
1,0.75709
0,0.123083
0,-0.0555101
0,0.0418081
0,0.0499393
0,0.0610941
0,-0.0273245
0,0.102585
0,0.00414972
0,-0.0165859
0,-0.111686
0,-0.122392
0,-0.0708136
0,-0.0607411
0,-0.0217753
0,-0.0619537
0,-0.102184
0,0.0942032
0,0.00746714
0,-0.0196521
0,-0.00992138
0,0.101757
0,0.0203997
0,0.0736126
0,0.0741062
0,0.0481961
0,0.0481961
0,0.0481961
0,0.0481961
0,0.0251849
0,0.0481961
0,0.0481961
0,0.0481961
0,-0.043437
0,-0.0950247
0,-0.0192918
0,-0.110856
0,-0.0336487
0,-0.0561771
0,-0.0969614
0,-0.135328
0,0.0714897
0,0.0587728
0,0.0403548
0,0.0614535
0,0.120257
0,0.0834665
0,0.108712
0,0.0856296
0,0.0724267
0,0.0900082
0,0.0724267
0,0.167861
0,0.113356
0,0.0855874
0,0.154916
0,0.0724267
0,0.0622218
0,0.0027184
0,0.0418892
0,0.0780138
0,0.0418892
0,0.0189717
0,0.0573021
0,0.0418892
0,0.0375264
0,0.0283517
0,0.0703457
0,0.0611881
0,0.13411
0,-0.0187899
0,0.0449594
0,0.0746936
0,-0.0687545
0,-0.0687545
0,-0.0687545
0,-0.0687545
0,-0.0687545
0,-0.0687545
0,0.0495243
0,0.09892
0,0.0309127
0,0.0507829
0,0.0507829
1,0.802006
0,0.0998917
0,-0.0511721
0,-0.0274325
0,-0.0110868
0,0.00276628
0,-0.0199654
0,0.0141786
0,0.0203213
0,-0.0269298
0,-0.0739779
0,-0.0871412
0,-0.0543724
0,-0.0488211
0,-0.0641171
0,-0.0614437
0,-0.0777479
0,0.0810013
0,-0.0171775
0,-0.0573982
0,-0.0420091
0,0.109211
0,-0.00139084
0,0.0684834
0,0.0645288
0,0.111793
0,0.111793
0,0.111793
0,0.111793
0,0.0578309
0,0.111793
0,0.111793
0,0.111793
0,-0.0250438
0,-0.070002
0,-0.029678
0,-0.112946
0,-0.0346064
0,-0.0501147
0,-0.124795
0,-0.0754895
0,-0.00348315
0,0.0144568
0,-0.033501
0,0.01399
0,0.0423588
0,0.0188382
0,0.0184319
0,-0.024273
0,0.0786847
0,0.0044663
0,0.0786847
0,0.053819
0,0.0714723
0,0.0552753
0,0.0742279
0,0.0786847
0,0.0309873
0,-0.0620353
0,-0.0242561
0,0.0204361
0,-0.0242561
0,-0.0345803
0,-0.0256146
0,-0.0242561
0,0.0478344
0,0.04605
0,0.00892118
0,0.063465
0,0.141633
0,7.64057e-06
0,0.048016
0,0.0572753
0,0.019603
0,0.019603
0,0.019603
0,0.019603
0,0.019603
0,0.019603
0,-0.0260657
0,-0.00112579
0,-0.0163844
0,0.0340669
0,0.0340669
0,0.0851305
0,-0.0996109
0,0.00146272
0,-0.0335835
0,0.0273516
0,-0.0452453
0,0.0157851
0,-0.0156393
0,0.0314815
0,-0.0405963
0,-0.0298428
0,0.0147543
0,-0.00575806
0,0.0446212
0,0.0118384
0,-0.0068506
0,0.0577687
0,0.0195838
0,-0.0237615
0,-0.00626965
0,0.0715104
0,-0.000787143
0,0.068562
0,0.0837394
0,0.123664
0,0.123664
0,0.123664
0,0.123664
0,0.0674571
0,0.123664
0,0.123664
0,0.123664
0,-0.0116958
0,-0.0299179
0,0.0195693
0,-0.0517205
0,-0.000769773
0,-0.0399278
0,-0.0672468
0,-0.051499
0,0.0351031
0,-0.00930441
0,-0.0728618
0,-0.0265207
0,0.00926341
0,-0.0105559
0,-0.0234684
0,-0.0404365
0,0.111046
0,0.0573142
0,0.111046
0,0.067496
0,0.067854
0,0.00531747
0,0.0443388
0,0.111046
0,0.0914125
0,-0.0116189
0,0.0587765
0,0.10431
0,0.0587765
0,0.0292223
0,0.0569241
0,0.0587765
0,0.0204051
0,0.0223029
0,-0.00295261
0,0.0615519
0,0.0915236
0,-0.02536
0,0.040835
0,0.0357184
0,0.0164305
0,0.0164305
0,0.0164305
0,0.0164305
0,0.0164305
0,0.0164305
0,0.0087692
0,0.0411581
0,-0.0252913
0,0.0285724
0,0.0285724
1,0.708799
1,0.713085
1,0.729612
1,0.631107
1,0.738043
1,0.753388
1,0.722136
0,0.0542334
0,0.0335519
0,0.0169525
0,0.0691739
0,0.00162921
0,0.0303659
0,0.0256056
0,0.023148
0,0.00598053
0,0.0175938
0,0.0399558
0,0.0224408
0,0.0415216
0,-0.00480305
0,-0.016084
0,0.0341741
0,0.069006
0,0.069006
0,0.069006
0,0.069006
0,0.0392687
0,0.069006
0,0.069006
0,0.069006
0,-0.0379766
0,-0.0423933
0,-0.088864
0,-0.00200964
0,-0.0384773
0,-0.0566528
0,-0.06291
0,-0.125509
0,0.163216
0,0.149621
0,0.129024
0,0.147605
0,0.0980631
0,0.154861
0,0.0985732
0,0.165503
0,0.185599
0,0.125652
0,0.185599
0,0.103025
0,0.151648
0,0.173926
0,0.0936043
0,0.185599
0,-0.100906
0,-0.0442149
0,-0.0595484
0,-0.0825547
0,-0.0595484
0,-0.121259
0,-0.0632732
0,-0.0595484
0,-0.0780833
0,0.0185522
0,0.0395661
0,0.0413985
0,0.0350567
0,0.0223031
0,0.087476
0,0.0436484
0,0.0502065
0,0.0502065
0,0.0502065
0,0.0502065
0,0.0502065
0,0.0502065
0,-0.0396214
0,-0.00796038
0,0.0535614
0,0.0499839
0,0.0499839
1,0.764949
1,0.812886
1,0.662277
1,0.837742
1,0.775644
1,0.784796
0,0.0486091
0,0.0161738
0,0.0389153
0,0.0801461
0,0.015318
0,0.0319763
0,0.0352721
0,0.00847946
0,-0.00787499
0,-0.00223749
0,0.000368863
0,0.0349955
0,0.0327467
0,-0.0672962
0,0.0188324
0,0.0264866
0,-0.0122188
0,-0.0122188
0,-0.0122188
0,-0.0122188
0,-0.0331885
0,-0.0122188
0,-0.0122188
0,-0.0122188
0,0.0683965
0,0.0508427
0,-0.0490454
0,0.101335
0,0.0565997
0,0.0563816
0,0.0383271
0,-0.00550593
0,0.146366
0,0.12528
0,0.165002
0,0.137688
0,0.128401
0,0.190716
0,0.0784063
0,0.181293
0,0.163344
0,0.141388
0,0.163344
0,0.154272
0,0.116691
0,0.160436
0,0.0991509
0,0.163344
0,-0.105472
0,-0.0341687
0,-0.0455135
0,-0.0797379
0,-0.0455135
0,-0.0921075
0,-0.0442121
0,-0.0455135
0,-0.00685594
0,-0.0118916
0,0.0702656
0,0.0560913
0,0.00956599
0,0.0384416
0,0.0976235
0,0.0582671
0,0.0305887
0,0.0305887
0,0.0305887
0,0.0305887
0,0.0305887
0,0.0305887
0,-0.0593832
0,-0.0520391
0,-0.04384
0,-0.00572656
0,-0.00572656
1,0.764926
1,0.698663
1,0.813706
1,0.756285
1,0.740677
0,0.0616037
0,0.0363419
0,0.0338475
0,0.119179
0,0.00844117
0,0.0247118
0,0.0107227
0,0.0188269
0,-0.0310961
0,0.0418124
0,0.0419976
0,0.0592022
0,0.0575563
0,-0.0393326
0,0.0145293
0,0.0448033
0,0.0230915
0,0.0230915
0,0.0230915
0,0.0230915
0,0.00678752
0,0.0230915
0,0.0230915
0,0.0230915
0,0.0113806
0,0.0378764
0,-0.0651003
0,0.0759524
0,-0.00326859
0,0.0264914
0,-0.0193855
0,-0.04634
0,0.0829822
0,0.0733749
0,0.156365
0,0.109255
0,0.0976508
0,0.150208
0,0.0182531
0,0.148686
0,0.127861
0,0.135843
0,0.127861
0,0.0857554
0,0.0853594
0,0.0671165
0,0.0704057
0,0.127861
0,-0.103931
0,-0.0356153
0,-0.0546616
0,-0.082133
0,-0.0546616
0,-0.101974
0,-0.0491482
0,-0.0546616
0,-0.022678
0,0.0469844
0,0.050529
0,0.0529404
0,0.0678182
0,0.0398507
0,0.0872215
0,0.0734145
0,0.0196576
0,0.0196576
0,0.0196576
0,0.0196576
0,0.0196576
0,0.0196576
0,-0.06137
0,0.0381364
0,-0.0486327
0,-0.0264386
0,-0.0264386
1,0.820732
1,0.810299
1,0.801344
1,0.78283
0,0.0301706
0,-0.0135121
0,-0.00483147
0,0.0339274
0,-0.00267489
0,-0.00359939
0,0.00219429
0,-0.0220871
0,-0.0453942
0,-0.0545337
0,0.0318442
0,0.0304356
0,0.0120615
0,-0.0703811
0,-0.00142832
0,0.00086496
0,0.000996359
0,0.000996359
0,0.000996359
0,0.000996359
0,-0.0045979
0,0.000996359
0,0.000996359
0,0.000996359
0,-0.0115248
0,-0.0466385
0,-0.11843
0,0.00425198
0,-0.0168371
0,-0.0220837
0,-0.0372548
0,-0.127807
0,0.175847
0,0.156152
0,0.224513
0,0.166011
0,0.21082
0,0.239787
0,0.119334
0,0.248729
0,0.14072
0,0.14938
0,0.14072
0,0.147859
0,0.139693
0,0.14611
0,0.0472731
0,0.14072
0,-0.0590782
0,-0.00474789
0,0.00247674
0,-0.0325951
0,0.00247674
0,-0.072471
0,-0.0057245
0,0.00247674
0,-0.0675849
0,-0.014539
0,0.0614379
0,0.0376134
0,0.0374175
0,0.000598698
0,0.0663929
0,0.0689382
0,0.0620513
0,0.0620513
0,0.0620513
0,0.0620513
0,0.0620513
0,0.0620513
0,-0.000778157
0,0.0140518
0,-0.0646582
0,-0.010725
0,-0.010725
1,0.716256
1,0.750087
1,0.719887
0,-0.00595446
0,1.23708e-05
0,-0.0187739
0,0.0307094
0,-0.00828153
0,0.00568677
0,-0.018436
0,0.00782547
0,-0.0955561
0,-0.0762872
0,-0.00299659
0,-0.0456376
0,-0.0449298
0,-0.103743
0,-0.0348543
0,0.0104953
0,0.0516739
0,0.0516739
0,0.0516739
0,0.0516739
0,0.0386501
0,0.0516739
0,0.0516739
0,0.0516739
0,0.0177352
0,0.00210432
0,-0.0748506
0,0.0638017
0,-0.00295703
0,0.00351383
0,-0.0497357
0,-0.121102
0,0.114961
0,0.0541909
0,0.105053
0,0.0564127
0,0.0826903
0,0.0813868
0,0.079539
0,0.138256
0,0.0734971
0,0.0846437
0,0.0734971
0,0.0320067
0,0.122977
0,0.0908129
0,0.0362522
0,0.0734971
0,-0.050564
0,-0.0205124
0,-0.00609409
0,-0.00854237
0,-0.00609409
0,-0.092734
0,-0.00136086
0,-0.00609409
0,-0.0984523
0,-0.0394238
0,0.00149562
0,0.0098644
0,-0.0106648
0,-0.0302585
0,0.0302596
0,0.0308827
0,0.0116549
0,0.0116549
0,0.0116549
0,0.0116549
0,0.0116549
0,0.0116549
0,0.000515871
0,-0.0060527
0,-0.0390499
0,-0.00452698
0,-0.00452698
1,0.834914
1,0.85481
0,-0.00448554
0,-0.0133352
0,0.00503428
0,0.0294835
0,-0.0318713
0,-0.0262166
0,-0.00856998
0,0.0131215
0,-0.0745526
0,0.00437232
0,0.00995267
0,0.00798064
0,0.0209642
0,-0.0546504
0,-0.0309945
0,0.0419576
0,-0.0193318
0,-0.0193318
0,-0.0193318
0,-0.0193318
0,-0.0701875
0,-0.0193318
0,-0.0193318
0,-0.0193318
0,0.0119862
0,0.0102843
0,-0.0551359
0,0.0754434
0,0.00495294
0,0.0206628
0,-0.0221567
0,-0.0531109
0,0.107062
0,0.120019
0,0.127293
0,0.156108
0,0.0885923
0,0.173953
0,0.0829981
0,0.122113
0,0.19349
0,0.165634
0,0.19349
0,0.134303
0,0.117988
0,0.125091
0,0.037193
0,0.19349
0,-0.0998528
0,-0.0560217
0,-0.0310917
0,-0.0854862
0,-0.0310917
0,-0.0759818
0,-0.0344847
0,-0.0310917
0,-0.0225507
0,0.0220595
0,0.0436252
0,0.000127262
0,0.0588675
0,0.0365181
0,0.102018
0,0.0841027
0,0.0540135
0,0.0540135
0,0.0540135
0,0.0540135
0,0.0540135
0,0.0540135
0,-0.0679648
0,-0.0323648
0,-0.00978593
0,0.00532452
0,0.00532452
1,0.873953
0,-0.0159383
0,-0.0470311
0,-0.0515473
0,0.00919251
0,-0.0524335
0,-0.035765
0,-0.0426446
0,-0.0333185
0,-0.0658497
0,0.00608249
0,0.0257009
0,0.0355459
0,0.0110079
0,-0.0852981
0,-0.00139124
0,0.0217423
0,0.0421247
0,0.0421247
0,0.0421247
0,0.0421247
0,0.00375352
0,0.0421247
0,0.0421247
0,0.0421247
0,0.0534397
0,0.0252549
0,-0.0375196
0,0.0812058
0,0.0647597
0,0.0102587
0,-0.00516955
0,-0.0702276
0,0.144151
0,0.157053
0,0.13232
0,0.147448
0,0.111944
0,0.185823
0,0.130341
0,0.163082
0,0.175407
0,0.155496
0,0.175407
0,0.136989
0,0.160157
0,0.164478
0,0.102732
0,0.175407
0,-0.10357
0,-0.0862024
0,-0.0692784
0,-0.0820532
0,-0.0692784
0,-0.108394
0,-0.0718184
0,-0.0692784
0,-0.043915
0,0.0398104
0,0.114922
0,0.00893482
0,0.0794995
0,0.0376484
0,0.13948
0,0.114899
0,-0.00988923
0,-0.00988923
0,-0.00988923
0,-0.00988923
0,-0.00988923
0,-0.00988923
0,-0.0236834
0,0.0113905
0,-0.013135
0,-0.00327907
0,-0.00327907
0,-0.00117043
0,0.000824645
0,-0.0202343
0,0.0443361
0,0.0068336
0,-0.0155935
0,0.00787847
0,0.0214966
0,-0.0156389
0,0.0194396
0,0.0484174
0,0.0400155
0,0.04166
0,-0.0436315
0,0.0283747
0,0.0511116
0,0.027346
0,0.027346
0,0.027346
0,0.027346
0,0.034763
0,0.027346
0,0.027346
0,0.027346
0,0.0591968
0,0.0296842
0,-0.0439595
0,0.0920896
0,0.0268579
0,0.028713
0,-0.0201668
0,-0.0496507
0,0.134431
0,0.126036
0,0.119279
0,0.149432
0,0.091378
0,0.16136
0,0.100602
0,0.129857
0,0.190021
0,0.182845
0,0.190021
0,0.125815
0,0.176588
0,0.195898
0,0.111393
0,0.190021
0,-0.11231
0,-0.104836
0,-0.0646389
0,-0.102407
0,-0.0646389
0,-0.116784
0,-0.0741437
0,-0.0646389
0,-0.0418839
0,0.00303234
0,0.0643278
0,0.00183425
0,0.0392404
0,0.0402936
0,0.122688
0,0.0946333
0,0.0283234
0,0.0283234
0,0.0283234
0,0.0283234
0,0.0283234
0,0.0283234
0,-0.0676876
0,-0.0584885
0,-0.0160451
0,-0.0188675
0,-0.0188675
1,0.830427
1,0.821932
1,0.838287
1,0.841665
1,0.871103
1,0.867195
1,0.804493
0,0.0057006
0,-0.033358
0,0.0627747
0,-0.0521848
0,0.0744569
0,0.181526
0,0.0578822
0,-0.0568244
0,0.148832
0,0.148832
0,0.148832
0,0.148832
0,0.167116
0,0.148832
0,0.148832
0,0.148832
0,0.20121
0,0.142229
0,0.0850871
0,0.206653
0,0.148679
0,0.209057
0,0.196059
0,0.162888
0,-0.121319
0,-0.141795
0,-0.0909958
0,-0.100523
0,-0.161154
0,-0.0929231
0,-0.101668
0,-0.131023
0,0.0661469
0,0.104671
0,0.0661469
0,0.228527
0,0.0989505
0,0.039906
0,0.077852
0,0.0661469
0,0.146154
0,0.209464
0,0.139969
0,0.146487
0,0.139969
0,0.140668
0,0.14126
0,0.139969
0,0.0340942
0,0.103855
0,0.120919
0,0.0910404
0,0.143696
0,0.108779
0,0.095881
0,0.142769
0,0.185941
0,0.185941
0,0.185941
0,0.185941
0,0.185941
0,0.185941
0,0.234681
0,0.21111
0,-0.126361
0,-0.121978
0,-0.121978
1,0.84354
1,0.822376
1,0.839006
1,0.823684
1,0.818112
1,0.849403
0,0.0818017
0,-0.00730793
0,0.12162
0,-0.0212151
0,0.0962619
0,0.220717
0,0.10642
0,0.0254092
0,0.146376
0,0.146376
0,0.146376
0,0.146376
0,0.149691
0,0.146376
0,0.146376
0,0.146376
0,0.232867
0,0.187498
0,0.146283
0,0.260922
0,0.176463
0,0.25368
0,0.181628
0,0.20575
0,-0.126294
0,-0.141808
0,-0.0977768
0,-0.103169
0,-0.174604
0,-0.123753
0,-0.11532
0,-0.146248
0,0.0132381
0,0.0133282
0,0.0132381
0,0.0677968
0,-0.00210934
0,-0.0214471
0,-0.0258418
0,0.0132381
0,0.111116
0,0.174606
0,0.150245
0,0.141628
0,0.150245
0,0.110981
0,0.157223
0,0.150245
0,0.00508001
0,0.125859
0,0.0698935
0,0.0446059
0,0.103846
0,0.0935142
0,0.049423
0,0.100344
0,0.140695
0,0.140695
0,0.140695
0,0.140695
0,0.140695
0,0.140695
0,0.222733
0,0.195899
0,-0.113388
0,-0.142006
0,-0.142006
1,0.858726
1,0.824344
1,0.840587
1,0.84911
1,0.860156
0,0.0290311
0,-0.0156094
0,0.0630736
0,0.0142902
0,0.0820006
0,0.177289
0,0.0335581
0,-0.0249346
0,0.107606
0,0.107606
0,0.107606
0,0.107606
0,0.123457
0,0.107606
0,0.107606
0,0.107606
0,0.292071
0,0.249452
0,0.22642
0,0.299164
0,0.247659
0,0.309388
0,0.288569
0,0.264532
0,-0.123132
0,-0.157788
0,-0.0699579
0,-0.125527
0,-0.162919
0,-0.107912
0,-0.0964108
0,-0.144704
0,0.0146756
0,0.00709582
0,0.0146756
0,0.0863431
0,-0.00750958
0,-0.0417907
0,-0.065766
0,0.0146756
0,0.114925
0,0.163237
0,0.182257
0,0.151608
0,0.182257
0,0.142714
0,0.179444
0,0.182257
0,0.0354949
0,0.0978625
0,0.0666894
0,0.009007
0,0.0865337
0,0.126241
0,0.0745741
0,0.118225
0,0.148855
0,0.148855
0,0.148855
0,0.148855
0,0.148855
0,0.148855
0,0.195254
0,0.170082
0,-0.159791
0,-0.156248
0,-0.156248
1,0.802068
1,0.871952
1,0.84948
1,0.811748
0,0.00826926
0,-0.0400982
0,0.00537774
0,-0.084814
0,0.0570991
0,0.14423
0,0.041629
0,-0.0558905
0,0.164765
0,0.164765
0,0.164765
0,0.164765
0,0.189476
0,0.164765
0,0.164765
0,0.164765
0,0.248453
0,0.181922
0,0.1004
0,0.253726
0,0.171433
0,0.254518
0,0.210409
0,0.203562
0,-0.0639439
0,-0.120573
0,-0.0553871
0,-0.0698462
0,-0.150588
0,-0.0694771
0,-0.0999707
0,-0.0890537
0,-0.0056863
0,-0.0131765
0,-0.0056863
0,0.0921818
0,0.00900903
0,-0.0301812
0,-0.0584631
0,-0.0056863
0,0.0939377
0,0.163056
0,0.126573
0,0.151788
0,0.126573
0,0.120122
0,0.121645
0,0.126573
0,0.110076
0,0.137288
0,0.114966
0,0.0793405
0,0.152366
0,0.133081
0,0.130993
0,0.165803
0,0.0564733
0,0.0564733
0,0.0564733
0,0.0564733
0,0.0564733
0,0.0564733
0,0.147157
0,0.131436
0,-0.174875
0,-0.166508
0,-0.166508
1,0.829487
1,0.858598
1,0.847463
0,0.082975
0,-0.00225073
0,0.079472
0,-0.0184406
0,0.0876066
0,0.185388
0,0.103449
0,-0.00627468
0,0.0654247
0,0.0654247
0,0.0654247
0,0.0654247
0,0.109327
0,0.0654247
0,0.0654247
0,0.0654247
0,0.179505
0,0.104299
0,0.0714429
0,0.167893
0,0.101116
0,0.177098
0,0.186179
0,0.126351
0,-0.0937623
0,-0.131219
0,-0.054766
0,-0.111406
0,-0.107213
0,-0.0938729
0,-0.0671267
0,-0.10317
0,-0.0164748
0,0.0332099
0,-0.0164748
0,0.130831
0,0.0144991
0,0.000757401
0,0.00176032
0,-0.0164748
0,0.134021
0,0.211606
0,0.164239
0,0.143626
0,0.164239
0,0.132959
0,0.160798
0,0.164239
0,-0.0150134
0,0.0513291
0,0.0327614
0,0.00079796
0,0.0794692
0,0.0719561
0,0.0289405
0,0.0908439
0,0.148133
0,0.148133
0,0.148133
0,0.148133
0,0.148133
0,0.148133
0,0.247603
0,0.136326
0,-0.106851
0,-0.116196
0,-0.116196
1,0.86611
1,0.818439
0,0.0123825
0,-0.0476054
0,0.0143966
0,-0.0901522
0,0.0384727
0,0.137004
0,0.0349286
0,-0.0679272
0,0.10992
0,0.10992
0,0.10992
0,0.10992
0,0.166739
0,0.10992
0,0.10992
0,0.10992
0,0.266132
0,0.179952
0,0.165625
0,0.267276
0,0.194944
0,0.251687
0,0.251396
0,0.213052
0,-0.0741354
0,-0.120098
0,-0.0861472
0,-0.0920175
0,-0.170042
0,-0.0821071
0,-0.116657
0,-0.106803
0,-0.0183757
0,0.00118027
0,-0.0183757
0,0.0911506
0,-0.0236542
0,-0.0492699
0,-0.0267722
0,-0.0183757
0,0.161962
0,0.230286
0,0.175134
0,0.224077
0,0.175134
0,0.177536
0,0.171
0,0.175134
0,0.022572
0,0.0624822
0,0.0712423
0,0.0491433
0,0.1006
0,0.050289
0,0.0507598
0,0.0885362
0,0.120425
0,0.120425
0,0.120425
0,0.120425
0,0.120425
0,0.120425
0,0.187564
0,0.169031
0,-0.154044
0,-0.121004
0,-0.121004
1,0.833609
0,-0.00709831
0,-0.0373639
0,0.0274814
0,-0.0466204
0,0.0354561
0,0.154109
0,0.0444368
0,-0.0710217
0,0.0932727
0,0.0932727
0,0.0932727
0,0.0932727
0,0.183979
0,0.0932727
0,0.0932727
0,0.0932727
0,0.218097
0,0.153873
0,0.119528
0,0.221063
0,0.159665
0,0.199546
0,0.225974
0,0.160394
0,-0.0712162
0,-0.106212
0,-0.0501664
0,-0.0782888
0,-0.140512
0,-0.0738498
0,-0.0947113
0,-0.108468
0,-0.0416734
0,-0.00260174
0,-0.0416734
0,0.131393
0,0.0335089
0,-0.0206755
0,0.00731034
0,-0.0416734
0,0.0661774
0,0.158821
0,0.0777165
0,0.131805
0,0.0777165
0,0.100951
0,0.0909124
0,0.0777165
0,0.057097
0,0.100936
0,0.131388
0,0.0529862
0,0.140588
0,0.105839
0,0.115828
0,0.17221
0,0.159275
0,0.159275
0,0.159275
0,0.159275
0,0.159275
0,0.159275
0,0.21016
0,0.16194
0,-0.108167
0,-0.108921
0,-0.108921
0,0.0385634
0,0.0101569
0,0.0597924
0,-0.0282817
0,0.0554338
0,0.19761
0,0.0468281
0,0.002881
0,0.0477316
0,0.0477316
0,0.0477316
0,0.0477316
0,0.0610669
0,0.0477316
0,0.0477316
0,0.0477316
0,0.239134
0,0.194286
0,0.155571
0,0.265078
0,0.179871
0,0.266607
0,0.243219
0,0.223495
0,-0.0969103
0,-0.140435
0,-0.093994
0,-0.130643
0,-0.179233
0,-0.126574
0,-0.0792122
0,-0.155728
0,0.0030257
0,0.00672445
0,0.0030257
0,0.0822236
0,0.00338516
0,-0.00606119
0,-0.0629224
0,0.0030257
0,0.0913648
0,0.131401
0,0.120919
0,0.110964
0,0.120919
0,0.0816688
0,0.115902
0,0.120919
0,0.0560306
0,0.123765
0,0.0450609
0,0.0655867
0,0.109652
0,0.130533
0,0.0712251
0,0.120866
0,0.113858
0,0.113858
0,0.113858
0,0.113858
0,0.113858
0,0.113858
0,0.190315
0,0.157779
0,-0.161137
0,-0.136484
0,-0.136484
1,0.696781
1,0.738963
1,0.644978
1,0.632983
1,0.680882
1,0.744167
1,0.724066
0,-0.0315602
0,-0.0315602
0,-0.0315602
0,-0.0315602
0,0.00992355
0,-0.0315602
0,-0.0315602
0,-0.0315602
0,-0.0552798
0,-0.0171594
0,-0.0467058
0,-0.131823
0,-0.0683918
0,-0.0920063
0,-0.109432
0,-0.113346
0,0.0870759
0,0.0245759
0,0.0745694
0,0.0564307
0,0.0978334
0,0.0697774
0,0.0651292
0,0.026941
0,0.0244035
0,0.0222884
0,0.0244035
0,0.000964377
0,0.00353072
0,0.00579906
0,0.0851311
0,0.0244035
0,0.0119875
0,-0.00937384
0,0.0759237
0,-0.00385391
0,0.0759237
0,-0.0221586
0,0.0811634
0,0.0759237
0,0.0967322
0,0.137692
0,0.0953098
0,0.0756867
0,0.0556223
0,0.123361
0,0.0672177
0,0.0752539
0,-0.134292
0,-0.134292
0,-0.134292
0,-0.134292
0,-0.134292
0,-0.134292
0,-0.0753289
0,-0.0303317
0,0.0393344
0,0.00341791
0,0.00341791
1,0.762006
1,0.7085
1,0.677223
1,0.721658
1,0.725175
1,0.838206
0,-0.039899
0,-0.039899
0,-0.039899
0,-0.039899
0,-0.0700576
0,-0.039899
0,-0.039899
0,-0.039899
0,-0.0998321
0,-0.0433707
0,-0.036515
0,-0.108138
0,-0.10533
0,-0.131794
0,-0.085647
0,-0.117477
0,0.010458
0,0.0025407
0,0.0193566
0,0.020687
0,0.0571939
0,0.0332068
0,0.0513848
0,-0.0149187
0,0.046534
0,0.0296885
0,0.046534
0,-0.0251859
0,0.0331132
0,-0.0233862
0,0.0853258
0,0.046534
0,0.0635631
0,0.0196216
0,0.0950701
0,-0.00537197
0,0.0950701
0,0.0302237
0,0.0912095
0,0.0950701
0,0.136552
0,0.141495
0,0.0974735
0,0.0856709
0,0.0746729
0,0.0893771
0,0.0836715
0,0.0683481
0,0.0130191
0,0.0130191
0,0.0130191
0,0.0130191
0,0.0130191
0,0.0130191
0,-0.0170611
0,0.0725981
0,0.0542886
0,0.0667389
0,0.0667389
1,0.710891
1,0.724489
1,0.771128
1,0.717615
1,0.761155
0,0.0326652
0,0.0326652
0,0.0326652
0,0.0326652
0,0.0406028
0,0.0326652
0,0.0326652
0,0.0326652
0,-0.104951
0,-0.0466593
0,-0.0721635
0,-0.116299
0,-0.132655
0,-0.13222
0,-0.111132
0,-0.13695
0,-0.0214079
0,-0.0143815
0,0.0173891
0,0.0159434
0,0.0237395
0,0.0288044
0,0.0300083
0,-0.04768
0,0.110194
0,0.0665554
0,0.110194
0,0.0165958
0,0.0920291
0,0.028695
0,0.0992668
0,0.110194
0,0.0590365
0,0.0630288
0,0.12219
0,0.0460809
0,0.12219
0,0.0451484
0,0.124134
0,0.12219
0,0.10262
0,0.15669
0,0.119149
0,0.0629737
0,0.0878647
0,0.106954
0,0.0543609
0,0.0806561
0,0.00360653
0,0.00360653
0,0.00360653
0,0.00360653
0,0.00360653
0,0.00360653
0,0.0423686
0,0.125086
0,0.0076312
0,-0.0557014
0,-0.0557014
1,0.683515
1,0.595882
1,0.631298
1,0.663375
0,0.00697487
0,0.00697487
0,0.00697487
0,0.00697487
0,0.0314773
0,0.00697487
0,0.00697487
0,0.00697487
0,-0.101189
0,-0.02306
0,-0.04729
0,-0.0971785
0,-0.0588746
0,-0.130551
0,-0.0434336
0,-0.114212
0,0.0393724
0,0.0283143
0,0.0636179
0,0.0447881
0,0.0791001
0,0.0965569
0,0.0427781
0,0.0378713
0,0.0483275
0,0.0611521
0,0.0483275
0,0.0266767
0,0.045828
0,0.0132982
0,0.106901
0,0.0483275
0,-0.00461169
0,0.00265421
0,0.0612014
0,0.00465852
0,0.0612014
0,0.00637479
0,0.0646026
0,0.0612014
0,0.104847
0,0.194676
0,0.157566
0,0.0330704
0,0.119407
0,0.131383
0,0.116669
0,0.151076
0,0.0377007
0,0.0377007
0,0.0377007
0,0.0377007
0,0.0377007
0,0.0377007
0,0.0316325
0,0.0939153
0,0.0070304
0,0.0454331
0,0.0454331
1,0.711642
1,0.677262
1,0.725144
0,-0.007609
0,-0.007609
0,-0.007609
0,-0.007609
0,-0.0268969
0,-0.007609
0,-0.007609
0,-0.007609
0,-0.0909744
0,-0.0471416
0,-0.0518882
0,-0.107942
0,-0.0861378
0,-0.131431
0,-0.149675
0,-0.14195
0,0.0482019
0,0.0210525
0,0.0807818
0,0.0512262
0,0.103027
0,0.0956852
0,0.0697793
0,0.0308916
0,0.143627
0,0.108672
0,0.143627
0,0.108197
0,0.135428
0,0.0935622
0,0.185475
0,0.143627
0,0.141605
0,0.101358
0,0.163428
0,0.127958
0,0.163428
0,0.0940126
0,0.15797
0,0.163428
0,0.103852
0,0.14441
0,0.0846168
0,0.0910494
0,0.110272
0,0.0736747
0,0.0168097
0,0.0651411
0,0.0268546
0,0.0268546
0,0.0268546
0,0.0268546
0,0.0268546
0,0.0268546
0,0.0757604
0,0.132213
0,-0.0124497
0,-0.0263193
0,-0.0263193
1,0.703825
1,0.694038
0,-0.0145305
0,-0.0145305
0,-0.0145305
0,-0.0145305
0,-0.0617771
0,-0.0145305
0,-0.0145305
0,-0.0145305
0,-0.0646389
0,-0.0385718
0,-0.0199414
0,-0.120253
0,-0.112251
0,-0.0881663
0,-0.0871853
0,-0.105268
0,-0.00771458
0,-0.0560704
0,0.000505902
0,0.00589743
0,0.0233949
0,-0.00615119
0,0.0391961
0,-0.0490133
0,0.137887
0,0.135881
0,0.137887
0,0.0955915
0,0.135102
0,0.0536198
0,0.114997
0,0.137887
0,0.0966936
0,0.0838174
0,0.177661
0,0.0892718
0,0.177661
0,0.0959249
0,0.149204
0,0.177661
0,0.157239
0,0.172842
0,0.0987819
0,0.0470158
0,0.099311
0,0.133514
0,0.0512598
0,0.0849531
0,0.0158957
0,0.0158957
0,0.0158957
0,0.0158957
0,0.0158957
0,0.0158957
0,0.0923262
0,0.111764
0,-0.0273116
0,-0.0692402
0,-0.0692402
1,0.764107
0,0.00588784
0,0.00588784
0,0.00588784
0,0.00588784
0,0.0329939
0,0.00588784
0,0.00588784
0,0.00588784
0,-0.0244201
0,0.0236759
0,-0.0741947
0,-0.0432142
0,-0.063593
0,-0.0794423
0,-0.0740055
0,-0.12086
0,0.0769625
0,0.0317698
0,0.100877
0,0.0823183
0,0.122037
0,0.0922015
0,0.0428028
0,0.0166659
0,0.0891622
0,0.0580538
0,0.0891622
0,0.0233376
0,0.0713764
0,0.0359331
0,0.141608
0,0.0891622
0,0.0423822
0,0.0299906
0,0.0830242
0,0.0203251
0,0.0830242
0,-0.00627732
0,0.082028
0,0.0830242
0,0.0685542
0,0.0684367
0,0.0624369
0,0.0845899
0,0.0440608
0,0.0250864
0,0.0068399
0,0.0314243
0,0.0114689
0,0.0114689
0,0.0114689
0,0.0114689
0,0.0114689
0,0.0114689
0,0.118687
0,0.106835
0,-0.0278726
0,-0.0163891
0,-0.0163891
0,0.0074944
0,0.0074944
0,0.0074944
0,0.0074944
0,-0.0255869
0,0.0074944
0,0.0074944
0,0.0074944
0,-0.0540903
0,-0.00672394
0,-0.0314608
0,-0.0787817
0,-0.0803235
0,-0.089606
0,-0.114127
0,-0.0986066
0,0.0361067
0,0.0140915
0,0.0309035
0,0.0177186
0,0.0859121
0,0.0396574
0,0.0581662
0,-0.0308383
0,0.122373
0,0.0539125
0,0.122373
0,-0.0167685
0,0.0852766
0,0.0293328
0,0.122103
0,0.122373
0,0.0480502
0,-0.00041585
0,0.0969688
0,0.0241945
0,0.0969688
0,0.0442751
0,0.100433
0,0.0969688
0,0.0719802
0,0.0999986
0,0.0165959
0,0.0228605
0,0.0473856
0,0.0871253
0,0.0304454
0,0.0441933
0,-0.0102738
0,-0.0102738
0,-0.0102738
0,-0.0102738
0,-0.0102738
0,-0.0102738
0,0.0111767
0,0.070915
0,0.00319381
0,-0.0152251
0,-0.0152251
1,1
1,1
1,1
1,0.562589
1,1
1,1
1,1
0,-0.0466742
0,-0.0412611
0,-0.0549155
0,-0.0200851
0,0.0349218
0,-0.0618678
0,-0.032883
0,-0.0630786
0,-0.0808681
0,-0.0290808
0,-0.0607786
0,-0.114059
0,-0.0843688
0,-0.113614
0,-0.0307525
0,-0.0928354
0,0.144874
0,0.0320196
0,0.144874
0,0.054333
0,0.109754
0,0.107502
0,0.0422917
0,0.144874
0,-0.0489911
0,-0.0111398
0,-0.0965626
0,-0.0812993
0,-0.0965626
0,-0.111932
0,-0.0915726
0,-0.0965626
0,-0.135219
0,0.00738459
0,0.00452849
0,-0.102395
0,0.113454
0,-0.0306052
0,0.0170523
0,0.0322495
0,0.0927691
0,0.0927691
0,0.0927691
0,0.0927691
0,0.0927691
0,0.0927691
0,0.0499612
0,0.147825
0,-0.0803131
0,-0.0684079
0,-0.0684079
1,1
1,1
1,0.562589
1,1
1,1
1,1
0,-0.0466742
0,-0.0412611
0,-0.0549155
0,-0.0200851
0,0.0349218
0,-0.0618678
0,-0.032883
0,-0.0630786
0,-0.0808681
0,-0.0290808
0,-0.0607786
0,-0.114059
0,-0.0843688
0,-0.113614
0,-0.0307525
0,-0.0928354
0,0.144874
0,0.0320196
0,0.144874
0,0.054333
0,0.109754
0,0.107502
0,0.0422917
0,0.144874
0,-0.0489911
0,-0.0111398
0,-0.0965626
0,-0.0812993
0,-0.0965626
0,-0.111932
0,-0.0915726
0,-0.0965626
0,-0.135219
0,0.00738459
0,0.00452849
0,-0.102395
0,0.113454
0,-0.0306052
0,0.0170523
0,0.0322495
0,0.0927691
0,0.0927691
0,0.0927691
0,0.0927691
0,0.0927691
0,0.0927691
0,0.0499612
0,0.147825
0,-0.0803131
0,-0.0684079
0,-0.0684079
1,1
1,0.562589
1,1
1,1
1,1
0,-0.0466742
0,-0.0412611
0,-0.0549155
0,-0.0200851
0,0.0349218
0,-0.0618678
0,-0.032883
0,-0.0630786
0,-0.0808681
0,-0.0290808
0,-0.0607786
0,-0.114059
0,-0.0843688
0,-0.113614
0,-0.0307525
0,-0.0928354
0,0.144874
0,0.0320196
0,0.144874
0,0.054333
0,0.109754
0,0.107502
0,0.0422917
0,0.144874
0,-0.0489911
0,-0.0111398
0,-0.0965626
0,-0.0812993
0,-0.0965626
0,-0.111932
0,-0.0915726
0,-0.0965626
0,-0.135219
0,0.00738459
0,0.00452849
0,-0.102395
0,0.113454
0,-0.0306052
0,0.0170523
0,0.0322495
0,0.0927691
0,0.0927691
0,0.0927691
0,0.0927691
0,0.0927691
0,0.0927691
0,0.0499612
0,0.147825
0,-0.0803131
0,-0.0684079
0,-0.0684079
1,0.562589
1,1
1,1
1,1
0,-0.0466742
0,-0.0412611
0,-0.0549155
0,-0.0200851
0,0.0349218
0,-0.0618678
0,-0.032883
0,-0.0630786
0,-0.0808681
0,-0.0290808
0,-0.0607786
0,-0.114059
0,-0.0843688
0,-0.113614
0,-0.0307525
0,-0.0928354
0,0.144874
0,0.0320196
0,0.144874
0,0.054333
0,0.109754
0,0.107502
0,0.0422917
0,0.144874
0,-0.0489911
0,-0.0111398
0,-0.0965626
0,-0.0812993
0,-0.0965626
0,-0.111932
0,-0.0915726
0,-0.0965626
0,-0.135219
0,0.00738459
0,0.00452849
0,-0.102395
0,0.113454
0,-0.0306052
0,0.0170523
0,0.0322495
0,0.0927691
0,0.0927691
0,0.0927691
0,0.0927691
0,0.0927691
0,0.0927691
0,0.0499612
0,0.147825
0,-0.0803131
0,-0.0684079
0,-0.0684079
1,0.562589
1,0.562589
1,0.562589
0,0.0138236
0,0.051179
0,0.0101167
0,0.0520248
0,0.0362404
0,0.00389355
0,0.0343711
0,0.000442885
0,-0.0136095
0,-0.0307464
0,-0.0317532
0,-0.0466924
0,-0.0649078
0,-0.0686886
0,0.0444861
0,-0.0391107
0,0.10342
0,0.041266
0,0.10342
0,0.0727097
0,0.143316
0,0.0884522
0,0.135546
0,0.10342
0,0.0371855
0,0.0472523
0,-0.0422017
0,0.0452866
0,-0.0422017
0,-0.0612891
0,-0.0291201
0,-0.0422017
0,-0.101224
0,0.064384
0,0.178122
0,-0.0320295
0,0.188285
0,0.0226277
0,0.115323
0,0.105868
0,0.11228
0,0.11228
0,0.11228
0,0.11228
0,0.11228
0,0.11228
0,0.0213509
0,0.12309
0,0.0764415
0,0.0505963
0,0.0505963
1,1
1,1
0,-0.0466742
0,-0.0412611
0,-0.0549155
0,-0.0200851
0,0.0349218
0,-0.0618678
0,-0.032883
0,-0.0630786
0,-0.0808681
0,-0.0290808
0,-0.0607786
0,-0.114059
0,-0.0843688
0,-0.113614
0,-0.0307525
0,-0.0928354
0,0.144874
0,0.0320196
0,0.144874
0,0.054333
0,0.109754
0,0.107502
0,0.0422917
0,0.144874
0,-0.0489911
0,-0.0111398
0,-0.0965626
0,-0.0812993
0,-0.0965626
0,-0.111932
0,-0.0915726
0,-0.0965626
0,-0.135219
0,0.00738459
0,0.00452849
0,-0.102395
0,0.113454
0,-0.0306052
0,0.0170523
0,0.0322495
0,0.0927691
0,0.0927691
0,0.0927691
0,0.0927691
0,0.0927691
0,0.0927691
0,0.0499612
0,0.147825
0,-0.0803131
0,-0.0684079
0,-0.0684079
1,1
0,-0.0466742
0,-0.0412611
0,-0.0549155
0,-0.0200851
0,0.0349218
0,-0.0618678
0,-0.032883
0,-0.0630786
0,-0.0808681
0,-0.0290808
0,-0.0607786
0,-0.114059
0,-0.0843688
0,-0.113614
0,-0.0307525
0,-0.0928354
0,0.144874
0,0.0320196
0,0.144874
0,0.054333
0,0.109754
0,0.107502
0,0.0422917
0,0.144874
0,-0.0489911
0,-0.0111398
0,-0.0965626
0,-0.0812993
0,-0.0965626
0,-0.111932
0,-0.0915726
0,-0.0965626
0,-0.135219
0,0.00738459
0,0.00452849
0,-0.102395
0,0.113454
0,-0.0306052
0,0.0170523
0,0.0322495
0,0.0927691
0,0.0927691
0,0.0927691
0,0.0927691
0,0.0927691
0,0.0927691
0,0.0499612
0,0.147825
0,-0.0803131
0,-0.0684079
0,-0.0684079
0,-0.0466742
0,-0.0412611
0,-0.0549155
0,-0.0200851
0,0.0349218
0,-0.0618678
0,-0.032883
0,-0.0630786
0,-0.0808681
0,-0.0290808
0,-0.0607786
0,-0.114059
0,-0.0843688
0,-0.113614
0,-0.0307525
0,-0.0928354
0,0.144874
0,0.0320196
0,0.144874
0,0.054333
0,0.109754
0,0.107502
0,0.0422917
0,0.144874
0,-0.0489911
0,-0.0111398
0,-0.0965626
0,-0.0812993
0,-0.0965626
0,-0.111932
0,-0.0915726
0,-0.0965626
0,-0.135219
0,0.00738459
0,0.00452849
0,-0.102395
0,0.113454
0,-0.0306052
0,0.0170523
0,0.0322495
0,0.0927691
0,0.0927691
0,0.0927691
0,0.0927691
0,0.0927691
0,0.0927691
0,0.0499612
0,0.147825
0,-0.0803131
0,-0.0684079
0,-0.0684079
1,0.866904
1,0.698509
1,0.855907
1,0.859281
1,0.864054
1,0.784863
1,0.824225
0,0.0648098
0,0.0249306
0,-0.00351566
0,0.0200448
0,0.0246307
0,0.021614
0,0.0246152
0,0.00706664
0,0.13515
0,0.135952
0,0.13515
0,0.125025
0,0.121813
0,0.148719
0,0.0876297
0,0.13515
0,0.147836
0,0.137867
0,0.195862
0,0.213195
0,0.195862
0,0.219464
0,0.224917
0,0.195862
0,0.0634212
0,0.0271422
0,0.127336
0,0.097463
0,0.0696511
0,0.0781469
0,0.108167
0,0.123574
0,-0.0614483
0,-0.0614483
0,-0.0614483
0,-0.0614483
0,-0.0614483
0,-0.0614483
0,-0.0163761
0,-0.10293
0,-0.0836288
0,0.00771107
0,0.00771107
1,0.701001
1,0.871183
1,0.837838
1,0.824898
1,0.753879
1,0.856306
0,0.0617466
0,0.00811026
0,-0.00234983
0,0.0133091
0,0.0152215
0,0.0219732
0,0.0391136
0,-0.0133891
0,0.157682
0,0.160452
0,0.157682
0,0.107371
0,0.117751
0,0.121578
0,0.115674
0,0.157682
0,0.110701
0,0.0698033
0,0.143883
0,0.162416
0,0.143883
0,0.132864
0,0.183693
0,0.143883
0,0.0501536
0,0.0822598
0,0.131654
0,0.130767
0,0.0519168
0,0.0860393
0,0.083775
0,0.0951467
0,-0.0353265
0,-0.0353265
0,-0.0353265
0,-0.0353265
0,-0.0353265
0,-0.0353265
0,-0.0215267
0,-0.0525449
0,-0.0645054
0,0.00755246
0,0.00755246
1,0.687823
1,0.686905
1,0.686477
1,0.546223
1,0.679652
0,-0.0317158
0,-0.0986342
0,-0.0959151
0,-0.0973854
0,-0.0658297
0,-0.0976224
0,-0.0322288
0,-0.11974
0,0.226329
0,0.183731
0,0.226329
0,0.141198
0,0.125047
0,0.154903
0,0.121673
0,0.226329
0,0.151559
0,0.105012
0,0.18518
0,0.198537
0,0.18518
0,0.162662
0,0.196585
0,0.18518
0,0.0532427
0,0.117118
0,0.127782
0,0.0837552
0,0.0857109
0,0.112523
0,0.0725302
0,0.112341
0,0.0214904
0,0.0214904
0,0.0214904
0,0.0214904
0,0.0214904
0,0.0214904
0,0.0235763
0,0.0239344
0,-0.029372
0,-0.0219346
0,-0.0219346
1,0.87114
1,0.880874
1,0.768213
1,0.843614
0,0.0432046
0,-0.0192519
0,-0.0295866
0,-0.00425117
0,-0.0108539
0,-0.0237126
0,0.0135328
0,-0.0393382
0,0.206042
0,0.164493
0,0.206042
0,0.133506
0,0.122863
0,0.181394
0,0.12238
0,0.206042
0,0.156251
0,0.159046
0,0.167094
0,0.213924
0,0.167094
0,0.177626
0,0.216375
0,0.167094
0,0.0562358
0,0.0529032
0,0.124196
0,0.110943
0,0.0621303
0,0.070419
0,0.0956996
0,0.105074
0,0.0462808
0,0.0462808
0,0.0462808
0,0.0462808
0,0.0462808
0,0.0462808
0,0.0170434
0,-0.0272872
0,-0.0693682
0,-0.0233346
0,-0.0233346
1,0.840402
1,0.775596
1,0.827279
0,0.0726921
0,0.0217623
0,0.0151283
0,0.0194903
0,0.039668
0,0.043164
0,0.0582688
0,0.0117918
0,0.202213
0,0.179013
0,0.202213
0,0.186632
0,0.139372
0,0.207649
0,0.149633
0,0.202213
0,0.163291
0,0.129735
0,0.171907
0,0.18249
0,0.171907
0,0.188455
0,0.208359
0,0.171907
0,-0.000393651
0,0.0474124
0,0.137605
0,0.045762
0,0.0306819
0,0.0372522
0,0.105921
0,0.0989559
0,-0.0238526
0,-0.0238526
0,-0.0238526
0,-0.0238526
0,-0.0238526
0,-0.0238526
0,0.00805152
0,-0.04417
0,-0.0509626
0,0.00217355
0,0.00217355
1,0.810624
1,0.858531
0,-0.0234937
0,-0.0793944
0,-0.0620858
0,-0.0662296
0,-0.0410323
0,-0.0538008
0,0.0350076
0,-0.0792998
0,0.169506
0,0.150742
0,0.169506
0,0.157024
0,0.0931789
0,0.152091
0,0.075591
0,0.169506
0,0.176526
0,0.166201
0,0.223353
0,0.217732
0,0.223353
0,0.219454
0,0.245785
0,0.223353
0,0.0895585
0,0.0588876
0,0.137875
0,0.14238
0,0.0546777
0,0.0778296
0,0.119305
0,0.106354
0,-0.00035681
0,-0.00035681
0,-0.00035681
0,-0.00035681
0,-0.00035681
0,-0.00035681
0,-0.0373464
0,-0.0941699
0,-0.0658913
0,-0.0317626
0,-0.0317626
1,0.784773
0,0.0739595
0,0.0510936
0,0.0203548
0,0.0561496
0,0.0483427
0,0.0546844
0,0.107239
0,0.0239595
0,0.109336
0,0.136759
0,0.109336
0,0.139855
0,0.0427604
0,0.11649
0,0.0315071
0,0.109336
0,0.134668
0,0.139284
0,0.155782
0,0.147146
0,0.155782
0,0.18332
0,0.177659
0,0.155782
0,0.0917915
0,0.0166588
0,0.150225
0,0.107498
0,0.0589942
0,0.0826445
0,0.147622
0,0.134827
0,0.0248509
0,0.0248509
0,0.0248509
0,0.0248509
0,0.0248509
0,0.0248509
0,0.0448913
0,-0.0241199
0,-0.0146985
0,0.0532883
0,0.0532883
0,-0.0112712
0,-0.0533649
0,-0.0739382
0,-0.0350816
0,-0.0472049
0,-0.043344
0,-0.0159463
0,-0.0856414
0,0.159999
0,0.153758
0,0.159999
0,0.115807
0,0.0753875
0,0.115966
0,0.0648416
0,0.159999
0,0.122563
0,0.0642806
0,0.137446
0,0.168077
0,0.137446
0,0.174894
0,0.15458
0,0.137446
0,0.0861593
0,0.0889392
0,0.141432
0,0.145094
0,0.0663502
0,0.109717
0,0.140555
0,0.121866
0,-0.0404678
0,-0.0404678
0,-0.0404678
0,-0.0404678
0,-0.0404678
0,-0.0404678
0,-0.0604546
0,-0.105903
0,-0.0560434
0,-0.0039575
0,-0.0039575
1,0.805727
1,0.764998
1,0.813823
1,0.811546
1,0.777245
1,0.653209
1,0.820203
0,0.067798
0,0.0889806
0,0.067798
0,-0.0138162
0,0.0273489
0,0.0285712
0,0.0129042
0,0.067798
0,-0.0775305
0,-0.070182
0,-0.0536545
0,-0.0903167
0,-0.0536545
0,-0.0764003
0,-0.0430366
0,-0.0536545
0,-0.0765801
0,-0.0917725
0,-0.0736538
0,-0.0561555
0,-0.017127
0,-0.0797163
0,0.00206513
0,-0.0485441
0,-0.0254666
0,-0.0254666
0,-0.0254666
0,-0.0254666
0,-0.0254666
0,-0.0254666
0,0.00602411
0,-0.0720721
0,0.109349
0,0.0530664
0,0.0530664
1,0.826474
1,0.846569
1,0.829044
1,0.828141
1,0.678895
1,0.763789
0,-0.000205032
0,-0.003964
0,-0.000205032
0,-0.052441
0,-0.0522222
0,-0.0351736
0,-0.0421361
0,-0.000205032
0,-0.059201
0,-0.0632265
0,-0.0626804
0,-0.111674
0,-0.0626804
0,-0.0776021
0,-0.04321
0,-0.0626804
0,-0.0137479
0,-0.018257
0,0.0349615
0,0.0214751
0,0.0454709
0,-0.013595
0,0.11632
0,0.0157082
0,-0.0148834
0,-0.0148834
0,-0.0148834
0,-0.0148834
0,-0.0148834
0,-0.0148834
0,0.0437954
0,-0.0018383
0,0.0952615
0,0.0306047
0,0.0306047
1,0.803524
1,0.877126
1,0.856407
1,0.5957
1,0.801067
0,-0.00097306
0,0.000789274
0,-0.00097306
0,-0.0389527
0,-0.0402687
0,-0.0263197
0,-0.0199384
0,-0.00097306
0,-0.119641
0,-0.0756531
0,-0.0822764
0,-0.14581
0,-0.0822764
0,-0.115035
0,-0.0693277
0,-0.0822764
0,0.00881349
0,-0.0271405
0,0.00432166
0,0.0405208
0,0.0201041
0,-0.0370593
0,0.0689448
0,-0.00835005
0,-0.00220798
0,-0.00220798
0,-0.00220798
0,-0.00220798
0,-0.00220798
0,-0.00220798
0,0.0692568
0,0.0384757
0,0.0295398
0,0.00244373
0,0.00244373
1,0.776827
1,0.874752
1,0.645179
1,0.82768
0,0.0259595
0,0.0800361
0,0.0259595
0,-0.000403431
0,0.000104618
0,-0.0192709
0,-0.00586137
0,0.0259595
0,-0.0628026
0,-0.0705254
0,-0.053741
0,-0.0803832
0,-0.053741
0,-0.0455255
0,-0.0360617
0,-0.053741
0,0.00319351
0,-0.0569514
0,-0.0171659
0,0.0192684
0,-0.0160579
0,-0.0529944
0,0.0563687
0,-0.0148073
0,-0.0590055
0,-0.0590055
0,-0.0590055
0,-0.0590055
0,-0.0590055
0,-0.0590055
0,0.00999508
0,-0.0213127
0,0.126394
0,0.0629836
0,0.0629836
1,0.844299
1,0.705069
1,0.803508
0,0.0360055
0,0.0248643
0,0.0360055
0,-0.021214
0,-0.00805827
0,0.00338943
0,-0.00633391
0,0.0360055
0,-0.0317718
0,-0.0214781
0,-0.0304579
0,-0.0539308
0,-0.0304579
0,-0.0503174
0,-0.00742483
0,-0.0304579
0,-0.00544991
0,-0.0636922
0,-0.00300361
0,0.00416962
0,0.0011017
0,-0.054644
0,0.0372172
0,-0.0268897
0,0.0123008
0,0.0123008
0,0.0123008
0,0.0123008
0,0.0123008
0,0.0123008
0,0.0505213
0,-0.00575261
0,0.0412501
0,-0.0137356
0,-0.0137356
1,0.625809
1,0.846228
0,0.0708352
0,0.0796876
0,0.0708352
0,0.0231057
0,-0.00047355
0,0.0124808
0,-0.0152332
0,0.0708352
0,-0.0592134
0,-0.0300985
0,-0.0377279
0,-0.0794501
0,-0.0377279
0,-0.0506169
0,-0.0188063
0,-0.0377279
0,-0.0218191
0,-0.0681653
0,-0.000487022
0,0.0207613
0,-0.0482545
0,-0.0611762
0,0.0448399
0,-0.029138
0,-0.0311357
0,-0.0311357
0,-0.0311357
0,-0.0311357
0,-0.0311357
0,-0.0311357
0,0.0264095
0,0.0181248
0,0.0150935
0,0.00425674
0,0.00425674
1,0.61489
0,0.0263255
0,0.0313296
0,0.0263255
0,0.00828255
0,0.053675
0,0.0334793
0,0.0470028
0,0.0263255
0,-0.00243387
0,-0.0300339
0,-0.0300319
0,-0.0315701
0,-0.0300319
0,-0.0631164
0,-0.00930606
0,-0.0300319
0,-0.0235916
0,-0.0556626
0,0.0267656
0,0.0241615
0,0.0511835
0,-0.0410083
0,0.0977031
0,0.00562906
0,-0.0256778
0,-0.0256778
0,-0.0256778
0,-0.0256778
0,-0.0256778
0,-0.0256778
0,0.00277312
0,-0.0542691
0,0.211936
0,0.036456
0,0.036456
0,-0.000193181
0,0.0319993
0,-0.000193181
0,-0.00369641
0,0.00589832
0,-0.0176169
0,-0.0232052
0,-0.000193181
0,-0.0444686
0,-0.0216294
0,-0.0407489
0,-0.0589308
0,-0.0407489
0,-0.0429349
0,-0.0228062
0,-0.0407489
0,-0.0480393
0,-0.116305
0,-0.050371
0,0.019315
0,-0.049403
0,-0.0791581
0,-0.0188619
0,-0.0642057
0,0.00632091
0,0.00632091
0,0.00632091
0,0.00632091
0,0.00632091
0,0.00632091
0,0.0306312
0,-0.00704976
0,0.040734
0,0.0721116
0,0.0721116
1,0.704391
1,1
1,0.682385
1,0.631072
1,0.702052
1,0.595397
1,1
0,0.150259
0,0.0235452
0,0.0948123
0,0.0523029
0,0.0948123
0,0.0275765
0,0.0899321
0,0.0948123
0,0.0495761
0,0.101117
0,0.11201
0,0.102591
0,0.137847
0,0.0914802
0,0.0450508
0,0.0556436
0,0.149265
0,0.149265
0,0.149265
0,0.149265
0,0.149265
0,0.149265
0,0.0564583
0,0.12473
0,-0.0486575
0,0.00820468
0,0.00820468
1,0.704391
1,0.786656
1,0.731174
1,0.708563
1,0.687736
1,0.704391
0,0.164593
0,0.105436
0,0.132807
0,0.0826337
0,0.132807
0,0.124738
0,0.118382
0,0.132807
0,0.05895
0,0.0236345
0,0.100796
0,0.0219914
0,0.0574585
0,0.0322917
0,0.0356151
0,0.0598954
0,0.0547683
0,0.0547683
0,0.0547683
0,0.0547683
0,0.0547683
0,0.0547683
0,0.00763245
0,0.040411
0,-0.00952987
0,-0.000141352
0,-0.000141352
1,0.682385
1,0.631072
1,0.702052
1,0.595397
1,1
0,0.150259
0,0.0235452
0,0.0948123
0,0.0523029
0,0.0948123
0,0.0275765
0,0.0899321
0,0.0948123
0,0.0495761
0,0.101117
0,0.11201
0,0.102591
0,0.137847
0,0.0914802
0,0.0450508
0,0.0556436
0,0.149265
0,0.149265
0,0.149265
0,0.149265
0,0.149265
0,0.149265
0,0.0564583
0,0.12473
0,-0.0486575
0,0.00820468
0,0.00820468
1,0.72479
1,0.703288
1,0.691348
1,0.682385
0,0.163517
0,0.125342
0,0.134893
0,0.131718
0,0.134893
0,0.0948221
0,0.147011
0,0.134893
0,0.140941
0,0.0976878
0,0.214837
0,0.139542
0,0.192131
0,0.0891748
0,0.0754732
0,0.117574
0,0.122257
0,0.122257
0,0.122257
0,0.122257
0,0.122257
0,0.122257
0,0.0571602
0,0.11918
0,-0.053385
0,0.0124995
0,0.0124995
1,0.723974
1,0.772728
1,0.631072
0,0.0676942
0,0.0122021
0,0.0110964
0,0.0308935
0,0.0110964
0,0.0232526
0,0.022415
0,0.0110964
0,0.0604424
0,-0.00286
0,0.0631423
0,0.0438817
0,0.0914356
0,0.00806549
0,-5.10812e-05
0,0.0254546
0,0.0784814
0,0.0784814
0,0.0784814
0,0.0784814
0,0.0784814
0,0.0784814
0,0.0474941
0,0.0555994
0,-0.00387867
0,0.0343504
0,0.0343504
1,0.684569
1,0.702052
0,0.102143
0,0.0504509
0,0.0120846
0,0.0682147
0,0.0120846
0,0.0130834
0,0.0271418
0,0.0120846
0,0.041199
0,0.00590327
0,0.0700075
0,0.0175262
0,0.144423
0,0.0283052
0,0.0123415
0,0.0682137
0,0.121992
0,0.121992
0,0.121992
0,0.121992
0,0.121992
0,0.121992
0,-0.00142054
0,0.0413095
0,-0.0599392
0,-0.0202619
0,-0.0202619
1,0.595397
0,0.157636
0,0.0711187
0,0.0815292
0,0.106842
0,0.0815292
0,0.0739194
0,0.0964308
0,0.0815292
0,0.0898339
0,0.0404586
0,0.132479
0,0.115564
0,0.117316
0,0.00878818
0,-0.00998939
0,0.014209
0,0.0351588
0,0.0351588
0,0.0351588
0,0.0351588
0,0.0351588
0,0.0351588
0,-0.0468941
0,-0.0193788
0,0.0627384
0,0.0830813
0,0.0830813
0,0.150259
0,0.0235452
0,0.0948123
0,0.0523029
0,0.0948123
0,0.0275765
0,0.0899321
0,0.0948123
0,0.0495761
0,0.101117
0,0.11201
0,0.102591
0,0.137847
0,0.0914802
0,0.0450508
0,0.0556436
0,0.149265
0,0.149265
0,0.149265
0,0.149265
0,0.149265
0,0.149265
0,0.0564583
0,0.12473
0,-0.0486575
0,0.00820468
0,0.00820468
1,0.771184
1,0.821255
1,0.831602
1,0.821255
1,0.790807
1,0.816426
1,0.821255
0,0.158434
0,0.204375
0,0.250281
0,0.191523
0,0.153404
0,0.148641
0,0.0761489
0,0.110224
0,0.156596
0,0.156596
0,0.156596
0,0.156596
0,0.156596
0,0.156596
0,0.115932
0,0.164392
0,-0.0558968
0,0.0179047
0,0.0179047
1,0.750625
1,0.810842
1,0.750625
1,0.827466
1,0.758742
1,0.750625
0,0.0769006
0,0.114403
0,0.184773
0,0.0750787
0,0.10541
0,0.0712761
0,0.0280755
0,0.0962693
0,0.11588
0,0.11588
0,0.11588
0,0.11588
0,0.11588
0,0.11588
0,0.141375
0,0.160834
0,-0.0451876
0,-0.0081096
0,-0.0081096
1,0.797077
1,1
1,0.8446
1,0.966362
1,1
0,0.136001
0,0.166882
0,0.191763
0,0.0832702
0,0.070075
0,0.14631
0,0.0792825
0,0.0883902
0,0.103924
0,0.103924
0,0.103924
0,0.103924
0,0.103924
0,0.103924
0,0.178401
0,0.165623
0,-0.0721183
0,-0.0376728
0,-0.0376728
1,0.797077
1,0.836565
1,0.80732
1,0.797077
0,0.175511
0,0.168665
0,0.241246
0,0.129456
0,0.133473
0,0.143666
0,0.0587119
0,0.119557
0,0.111778
0,0.111778
0,0.111778
0,0.111778
0,0.111778
0,0.111778
0,0.147008
0,0.151168
0,-0.0774033
0,-0.0127426
0,-0.0127426
1,0.8446
1,0.966362
1,1
0,0.136001
0,0.166882
0,0.191763
0,0.0832702
0,0.070075
0,0.14631
0,0.0792825
0,0.0883902
0,0.103924
0,0.103924
0,0.103924
0,0.103924
0,0.103924
0,0.103924
0,0.178401
0,0.165623
0,-0.0721183
0,-0.0376728
0,-0.0376728
1,0.830742
1,0.8446
0,0.130746
0,0.124802
0,0.185779
0,0.0429044
0,0.0609665
0,0.111202
0,0.0587593
0,0.0915399
0,0.0553632
0,0.0553632
0,0.0553632
0,0.0553632
0,0.0553632
0,0.0553632
0,0.0944183
0,0.0971252
0,-0.0483316
0,0.016506
0,0.016506
1,0.966362
0,0.174023
0,0.188215
0,0.219293
0,0.111375
0,0.113641
0,0.17811
0,0.108087
0,0.124219
0,0.129666
0,0.129666
0,0.129666
0,0.129666
0,0.129666
0,0.129666
0,0.191058
0,0.199833
0,-0.0473147
0,-0.0220601
0,-0.0220601
0,0.136001
0,0.166882
0,0.191763
0,0.0832702
0,0.070075
0,0.14631
0,0.0792825
0,0.0883902
0,0.103924
0,0.103924
0,0.103924
0,0.103924
0,0.103924
0,0.103924
0,0.178401
0,0.165623
0,-0.0721183
0,-0.0376728
0,-0.0376728
1,0.652437
1,0.612393
1,0.63275
1,0.556451
1,0.663719
1,0.581579
1,0.620558
0,0.0428781
0,0.0428781
0,0.0428781
0,0.0428781
0,0.0428781
0,0.0428781
0,0.0216894
0,0.0676136
0,0.0364835
0,0.0842393
0,0.0842393
1,0.784081
1,0.532683
1,0.740948
1,0.812763
1,0.726241
1,0.730365
0,0.0424653
0,0.0424653
0,0.0424653
0,0.0424653
0,0.0424653
0,0.0424653
0,0.0793656
0,0.16187
0,0.044671
0,0.0763134
0,0.0763134
1,0.523679
1,0.677287
1,0.743482
1,0.816559
1,0.770601
0,0.0579249
0,0.0579249
0,0.0579249
0,0.0579249
0,0.0579249
0,0.0579249
0,0.0659805
0,0.0990137
0,0.0597079
0,0.0930478
0,0.0930478
1,0.437872
1,0.524661
1,0.459725
1,0.494897
0,0.0328773
0,0.0328773
0,0.0328773
0,0.0328773
0,0.0328773
0,0.0328773
0,0.000356893
0,0.0392534
0,-0.0522525
0,0.0576783
0,0.0576783
1,0.682328
1,0.688983
1,0.763174
0,0.14801
0,0.14801
0,0.14801
0,0.14801
0,0.14801
0,0.14801
0,0.0509567
0,0.135383
0,0.147411
0,0.156339
0,0.156339
1,0.753375
1,0.789987
0,0.106732
0,0.106732
0,0.106732
0,0.106732
0,0.106732
0,0.106732
0,0.100517
0,0.111179
0,0.0461373
0,0.0378183
0,0.0378183
1,0.869253
0,-0.0191973
0,-0.0191973
0,-0.0191973
0,-0.0191973
0,-0.0191973
0,-0.0191973
0,-0.0114339
0,0.00902212
0,0.0979709
0,0.112138
0,0.112138
0,0.0395279
0,0.0395279
0,0.0395279
0,0.0395279
0,0.0395279
0,0.0395279
0,0.0455984
0,0.048207
0,0.0615804
0,0.106273
0,0.106273
1,1
1,1
1,1
1,1
1,1
1,0.541539
1,0.505965
0,0.0283082
0,0.0974519
0,0.0974519
1,1
1,1
1,1
1,1
1,0.541539
1,0.505965
0,0.0283082
0,0.0974519
0,0.0974519
1,1
1,1
1,1
1,0.541539
1,0.505965
0,0.0283082
0,0.0974519
0,0.0974519
1,1
1,1
1,0.541539
1,0.505965
0,0.0283082
0,0.0974519
0,0.0974519
1,1
1,0.541539
1,0.505965
0,0.0283082
0,0.0974519
0,0.0974519
1,0.541539
1,0.505965
0,0.0283082
0,0.0974519
0,0.0974519
1,0.720088
0,0.0313136
0,0.0924664
0,0.0924664
0,0.00555602
0,0.0712058
0,0.0712058
1,0.683584
1,0.683584
1,1
